SaleID,VIN,Make,Model,SaleDate,SalePrice,DealerFee,SalespersonID,Location,PaymentMethod
SALE200001,VIN2867825,Hyundai,Sonata,10-20-2024,27906.0,1130.03,5005,San Antonio,Cash
SALE200002,VIN1419610,Nissan,Rogue,03-21-2024,30135.04,1943.87,5014,Phoenix,Lease
SALE200003,VIN5614226,Tesla,Model X,05-02-2022,64157.38,3278.99,5007,San Antonio,Finance
SALE200004,VIN5108603,Chevrolet,Traverse,07-09-2024,27273.54,1515.44,5021,Austin,Finance
SALE200005,VIN4744854,BMW,3 Series,01-23-2023,60518.77,3260.68,5029,San Diego,Lease
SALE200006,VIN3341057,Nissan,Altima,11-27-2022,45217.3,2462.19,5026,San Jose,Cash
SALE200007,VIN2719583,Honda,Accord,09-08-2024,32428.94,1734.31,5017,San Jose,Cash
SALE200008,VIN2458591,Mazda,Mazda6,06-08-2022,33804.7,1484.6,5008,San Diego,Lease
SALE200009,VIN8078673,BMW,X3,12-20-2024,57839.92,3691.38,5021,Los Angeles,Lease
SALE200010,VIN1533224,Chevrolet,Silverado,01-23-2023,26443.42,1446.31,5026,Chicago,Lease
SALE200011,VIN1499914,BMW,X5,02-16-2022,58118.92,3635.31,5018,Phoenix,Cash
SALE200012,VIN2571945,Mercedes-Benz,C-Class,11-01-2022,75345.77,4388.1,5026,San Antonio,Finance
SALE200013,VIN4668136,Mercedes-Benz,E-Class,07-08-2022,71164.0,2981.61,5001,Chicago,Finance
SALE200014,VIN4903402,Hyundai,Elantra,06-21-2023,34898.72,1904.75,5013,San Jose,Lease
SALE200015,VIN9478454,Honda,Pilot,07-02-2023,40778.42,1361.59,5026,San Jose,Cash
SALE200016,VIN1445199,Ford,F-150,05-01-2024,43645.11,1543.2,5023,Austin,Lease
SALE200017,VIN4335942,Ford,Mustang,08-20-2022,39457.78,1369.76,5012,Jacksonville,Lease
SALE200018,VIN8038374,Chevrolet,Traverse,10-20-2024,26132.25,1103.18,5016,San Antonio,Finance
SALE200019,VIN4698379,Audi,Q5,05-27-2022,52226.44,1949.18,5018,Los Angeles,Lease
SALE200020,VIN8536477,Mazda,CX-5,10-10-2024,23466.48,1354.89,5026,San Antonio,Lease
SALE200021,VIN5667265,Ford,Escape,07-18-2023,49853.09,2514.24,5016,Charlotte,Lease
SALE200022,VIN1109031,Mazda,CX-9,08-15-2024,43495.4,2032.52,5012,Charlotte,Cash
SALE200023,VIN3678638,Chevrolet,Traverse,01-10-2022,26725.48,949.15,5030,Philadelphia,Finance
SALE200024,VIN8090293,Honda,Accord,02-07-2024,43476.84,1971.61,5019,Jacksonville,Cash
SALE200025,VIN6708456,Audi,Q7,04-30-2022,36586.74,1369.45,5017,Houston,Lease
SALE200026,VIN5661907,Audi,A6,11-29-2023,55443.35,3072.67,5011,Los Angeles,Lease
SALE200027,VIN3608513,Mercedes-Benz,GLE,08-12-2023,73448.6,4240.73,5013,Jacksonville,Lease
SALE200028,VIN4612365,Hyundai,Sonata,06-09-2024,44145.69,2463.79,5009,San Diego,Cash
SALE200029,VIN6647119,Nissan,Sentra,12-29-2024,49458.33,3461.88,5006,Charlotte,Finance
SALE200030,VIN2714803,Audi,A4,06-24-2022,67294.04,3512.51,5001,Phoenix,Cash
SALE200031,VIN2556017,Toyota,RAV4,06-07-2024,31668.32,1570.3,5011,Charlotte,Cash
SALE200032,VIN7374122,Chevrolet,Traverse,11-26-2022,49821.41,1774.23,5020,Philadelphia,Finance
SALE200033,VIN2622631,Audi,Q5,07-10-2022,54123.98,2304.77,5008,Los Angeles,Cash
SALE200034,VIN7022674,Audi,Q5,08-19-2022,78481.01,3770.23,5001,Philadelphia,Lease
SALE200035,VIN6770619,Volkswagen,Jetta,02-09-2022,47669.18,1532.3,5029,Columbus,Cash
SALE200036,VIN5437923,Mazda,CX-5,08-13-2022,30639.85,1359.23,5026,Fort Worth,Finance
SALE200037,VIN1728977,Toyota,RAV4,08-01-2023,37702.8,1145.54,5025,Phoenix,Lease
SALE200038,VIN8707870,Volkswagen,Atlas,12-30-2024,41544.81,1473.24,5009,Phoenix,Cash
SALE200039,VIN9996414,Audi,A6,09-22-2023,61965.01,3879.54,5002,Phoenix,Finance
SALE200040,VIN3094235,Nissan,Pathfinder,11-02-2023,41338.35,2833.87,5026,Columbus,Lease
SALE200041,VIN7350753,Toyota,Highlander,04-03-2022,29998.71,1506.46,5016,San Diego,Finance
SALE200042,VIN2322047,Mercedes-Benz,GLC,02-09-2022,43923.68,2187.35,5017,Columbus,Finance
SALE200043,VIN5918715,BMW,X3,01-20-2022,61862.92,3550.18,5012,Jacksonville,Cash
SALE200044,VIN7067228,Audi,Q7,08-30-2023,61442.13,2864.75,5025,Austin,Cash
SALE200045,VIN4226067,Audi,Q7,01-10-2023,71392.91,4540.28,5019,New York,Lease
SALE200046,VIN2166941,Hyundai,Tucson,02-04-2024,30567.26,1514.55,5008,Columbus,Finance
SALE200047,VIN1768805,Mazda,Mazda6,09-27-2022,22079.89,735.41,5006,Houston,Cash
SALE200048,VIN4823498,Mazda,Mazda6,05-25-2022,22522.91,703.49,5004,Chicago,Lease
SALE200049,VIN5855124,Hyundai,Santa Fe,07-23-2023,32459.07,1961.9,5008,Phoenix,Finance
SALE200050,VIN2338687,Volkswagen,Passat,04-21-2023,41837.5,1743.94,5022,Jacksonville,Finance
SALE200051,VIN4905582,Chevrolet,Traverse,12-04-2024,38611.13,1582.83,5008,San Diego,Cash
SALE200052,VIN2694522,Nissan,Altima,12-02-2023,38298.34,1972.53,5009,Fort Worth,Cash
SALE200053,VIN7377459,Chevrolet,Equinox,06-19-2023,45584.01,1674.23,5018,Columbus,Cash
SALE200054,VIN5663623,BMW,X5,08-19-2024,47375.6,2287.9,5027,Philadelphia,Lease
SALE200055,VIN8606962,Audi,Q7,06-13-2023,52307.99,3122.83,5026,Phoenix,Cash
SALE200056,VIN7120868,Nissan,Pathfinder,08-06-2024,31891.24,1933.78,5030,Jacksonville,Cash
SALE200057,VIN3728882,Toyota,Corolla,01-14-2024,43560.44,2264.67,5024,San Antonio,Lease
SALE200058,VIN7210606,Audi,Q7,01-01-2023,71251.2,2460.19,5002,San Jose,Lease
SALE200059,VIN6960453,Mercedes-Benz,C-Class,12-24-2022,40642.23,1404.93,5025,Austin,Finance
SALE200060,VIN4514944,Tesla,Model Y,10-11-2022,75473.91,4604.25,5008,New York,Cash
SALE200061,VIN5479144,Tesla,Model S,06-08-2022,55962.03,3521.76,5019,Houston,Cash
SALE200062,VIN2197935,Audi,A4,02-26-2023,73302.67,3274.76,5028,San Diego,Lease
SALE200063,VIN3871230,Mazda,CX-9,03-10-2023,42326.4,2662.52,5026,Houston,Cash
SALE200064,VIN9961380,Ford,F-150,02-02-2023,25391.14,804.0,5013,Charlotte,Lease
SALE200065,VIN5107245,Nissan,Pathfinder,09-15-2022,30152.04,1771.71,5012,Columbus,Lease
SALE200066,VIN3741438,Ford,F-150,07-06-2024,27522.42,1427.15,5030,San Antonio,Cash
SALE200067,VIN8755439,Volkswagen,Passat,08-02-2023,25839.41,1798.19,5027,Jacksonville,Finance
SALE200068,VIN7366205,Hyundai,Santa Fe,02-08-2024,39944.62,1361.98,5028,San Diego,Lease
SALE200069,VIN5528972,Toyota,Corolla,01-28-2023,38175.58,2412.8,5006,Fort Worth,Cash
SALE200070,VIN4684531,Audi,A4,05-31-2024,37433.82,2248.04,5006,Dallas,Finance
SALE200071,VIN6440561,Volkswagen,Atlas,03-10-2024,43513.53,1823.58,5008,Columbus,Finance
SALE200072,VIN1938483,Volkswagen,Tiguan,08-05-2024,35056.63,2453.0,5019,Philadelphia,Finance
SALE200073,VIN4842788,Tesla,Model S,01-27-2023,46716.96,2241.91,5011,Columbus,Finance
SALE200074,VIN1538552,Toyota,Highlander,05-28-2023,26997.19,1186.34,5026,Los Angeles,Cash
SALE200075,VIN6292423,Honda,Civic,09-27-2022,41865.8,2623.69,5024,Dallas,Cash
SALE200076,VIN7730428,Tesla,Model S,10-04-2024,37822.2,1798.93,5023,Fort Worth,Cash
SALE200077,VIN5491946,Audi,Q7,07-04-2024,60194.79,4199.09,5012,Chicago,Cash
SALE200078,VIN2110460,Ford,Explorer,02-14-2024,32231.59,1966.94,5030,New York,Finance
SALE200079,VIN4539704,Nissan,Pathfinder,03-23-2022,45394.66,1792.08,5019,Phoenix,Finance
SALE200080,VIN6279418,Ford,F-150,04-20-2022,43287.94,2702.38,5001,Jacksonville,Lease
SALE200081,VIN4567281,Toyota,Camry,04-26-2022,29334.79,1569.91,5023,Dallas,Finance
SALE200082,VIN9375710,BMW,5 Series,09-16-2022,64895.88,2857.06,5023,San Antonio,Finance
SALE200083,VIN7637601,Audi,Q5,10-06-2024,68626.6,4009.86,5012,Chicago,Lease
SALE200084,VIN8698256,Mercedes-Benz,E-Class,05-27-2023,51033.26,2822.69,5019,Fort Worth,Cash
SALE200085,VIN3396987,Chevrolet,Silverado,05-20-2023,32544.11,1192.39,5019,Columbus,Cash
SALE200086,VIN5443951,Nissan,Pathfinder,02-07-2024,28581.51,1016.63,5005,Dallas,Cash
SALE200087,VIN3342608,Mercedes-Benz,C-Class,11-09-2024,68010.62,2602.41,5019,Charlotte,Cash
SALE200088,VIN5137722,Mercedes-Benz,C-Class,03-30-2022,46052.14,1762.77,5007,San Jose,Cash
SALE200089,VIN5408072,Audi,Q7,09-09-2024,50025.05,1619.53,5027,Los Angeles,Lease
SALE200090,VIN8187926,BMW,5 Series,03-30-2024,38047.88,1675.35,5026,Chicago,Lease
SALE200091,VIN7700828,Audi,Q5,01-22-2022,82426.01,3399.53,5029,Houston,Cash
SALE200092,VIN7073292,BMW,3 Series,05-30-2024,78985.69,4071.77,5016,Charlotte,Finance
SALE200093,VIN4679591,Honda,Civic,03-13-2023,42966.29,1845.24,5018,Columbus,Finance
SALE200094,VIN3320821,Nissan,Rogue,02-07-2024,40649.83,2364.28,5010,Houston,Finance
SALE200095,VIN9548432,Toyota,Camry,07-30-2022,31825.61,1323.1,5006,Columbus,Lease
SALE200096,VIN9279821,Mazda,CX-5,02-18-2022,33399.28,1359.14,5016,Los Angeles,Finance
SALE200097,VIN2525206,Hyundai,Tucson,05-07-2022,49307.26,3171.48,5002,Houston,Lease
SALE200098,VIN1790481,Toyota,RAV4,11-09-2022,43656.49,3030.61,5003,Los Angeles,Cash
SALE200099,VIN2839607,Mercedes-Benz,GLE,02-10-2024,68567.13,3920.12,5002,San Diego,Finance
SALE200100,VIN3564251,Chevrolet,Malibu,07-20-2022,44645.11,1509.41,5008,Los Angeles,Finance
SALE200101,VIN3684052,Tesla,Model Y,07-26-2024,50936.72,3489.72,5020,Charlotte,Cash
SALE200102,VIN8082668,Honda,Pilot,02-22-2024,31575.47,1939.61,5008,Philadelphia,Cash
SALE200103,VIN2065818,Tesla,Model Y,01-23-2023,42460.88,2834.3,5001,Jacksonville,Finance
SALE200104,VIN7455324,Toyota,Corolla,02-21-2022,30658.58,2136.89,5017,Houston,Finance
SALE200105,VIN7402509,Toyota,Corolla,05-26-2023,39351.57,2545.33,5016,Phoenix,Finance
SALE200106,VIN8852574,Chevrolet,Silverado,08-05-2022,36837.97,1292.11,5001,Philadelphia,Finance
SALE200107,VIN9877065,Chevrolet,Traverse,03-29-2024,46233.52,2988.68,5011,Columbus,Finance
SALE200108,VIN5218028,Toyota,Corolla,02-20-2023,28916.94,1156.3,5030,San Diego,Lease
SALE200109,VIN1192619,Volkswagen,Atlas,03-03-2024,42689.42,2495.44,5020,Dallas,Finance
SALE200110,VIN2921859,Ford,Mustang,12-14-2022,45144.4,2850.38,5007,San Antonio,Finance
SALE200111,VIN5476583,Chevrolet,Malibu,07-10-2023,47868.53,2894.08,5026,Austin,Lease
SALE200112,VIN6707197,Ford,Escape,11-13-2022,39059.65,2228.33,5005,Charlotte,Cash
SALE200113,VIN2871534,Nissan,Rogue,02-10-2023,49194.65,2438.99,5011,New York,Cash
SALE200114,VIN5924115,Tesla,Model X,09-21-2023,62864.34,3337.91,5023,Austin,Cash
SALE200115,VIN8294150,Honda,CR-V,08-18-2024,25084.13,1022.15,5006,Los Angeles,Lease
SALE200116,VIN3653446,Volkswagen,Jetta,01-25-2023,31071.46,1446.97,5030,Houston,Lease
SALE200117,VIN8612220,Chevrolet,Traverse,08-10-2024,30083.42,1446.4,5026,Philadelphia,Cash
SALE200118,VIN1054447,Nissan,Rogue,01-19-2023,41167.65,2278.43,5028,San Diego,Cash
SALE200119,VIN5418934,Mazda,Mazda6,07-15-2024,43211.2,2817.59,5028,San Jose,Cash
SALE200120,VIN9398441,BMW,3 Series,03-09-2022,77356.67,2608.76,5011,San Diego,Finance
SALE200121,VIN3997281,Mercedes-Benz,GLE,03-21-2022,39623.2,2005.91,5002,Chicago,Lease
SALE200122,VIN9517485,Ford,Explorer,02-17-2022,43114.62,1773.26,5001,Columbus,Finance
SALE200123,VIN2785277,Volkswagen,Tiguan,12-10-2022,29762.04,2007.55,5005,San Diego,Lease
SALE200124,VIN6007072,Volkswagen,Atlas,04-05-2024,31711.54,1419.5,5019,San Jose,Lease
SALE200125,VIN9517169,Mazda,CX-5,02-22-2022,37494.45,2550.0,5023,Dallas,Finance
SALE200126,VIN4337174,Mazda,CX-9,01-23-2022,35867.21,1545.57,5030,Philadelphia,Cash
SALE200127,VIN3564217,Honda,CR-V,12-09-2023,42093.27,1266.96,5005,Philadelphia,Lease
SALE200128,VIN7273233,Ford,Mustang,06-14-2022,29704.08,1810.92,5025,Chicago,Finance
SALE200129,VIN3710343,BMW,X5,07-29-2024,73084.82,4334.58,5004,Columbus,Finance
SALE200130,VIN9897858,Honda,Pilot,07-06-2022,38659.02,2290.06,5028,Charlotte,Lease
SALE200131,VIN1009594,Volkswagen,Jetta,08-27-2024,38971.26,1883.79,5017,Phoenix,Cash
SALE200132,VIN6438436,Toyota,Corolla,07-07-2024,33026.07,1868.14,5028,Jacksonville,Lease
SALE200133,VIN9197443,BMW,X5,09-26-2023,78473.69,3478.65,5012,Columbus,Lease
SALE200134,VIN1326765,Volkswagen,Tiguan,08-16-2024,33324.11,1084.14,5003,Jacksonville,Cash
SALE200135,VIN2876828,Tesla,Model S,07-12-2022,82850.99,4256.63,5012,New York,Finance
SALE200136,VIN7089806,Audi,Q5,12-13-2024,35766.69,1384.64,5023,Phoenix,Finance
SALE200137,VIN6159230,Audi,A4,03-12-2024,81857.99,3862.53,5022,Los Angeles,Cash
SALE200138,VIN5017343,Mazda,CX-9,08-25-2022,44127.78,1697.77,5013,San Antonio,Finance
SALE200139,VIN1971823,Chevrolet,Equinox,02-04-2023,27932.9,1138.03,5019,Los Angeles,Finance
SALE200140,VIN5041154,Honda,Civic,12-24-2024,44990.16,2840.4,5004,Chicago,Cash
SALE200141,VIN2321324,Volkswagen,Jetta,11-15-2023,36973.02,1608.7,5011,Columbus,Cash
SALE200142,VIN2437026,Mazda,CX-9,10-09-2024,27579.64,1464.96,5010,San Jose,Finance
SALE200143,VIN9153566,Tesla,Model S,02-12-2024,65220.08,3433.56,5011,Fort Worth,Lease
SALE200144,VIN2161193,Chevrolet,Malibu,08-08-2024,30112.83,1487.98,5005,Houston,Finance
SALE200145,VIN9937326,Honda,CR-V,08-29-2023,43047.91,1883.33,5006,Columbus,Cash
SALE200146,VIN3109911,Mazda,Mazda6,10-13-2022,34697.82,1988.26,5024,Houston,Lease
SALE200147,VIN3154051,BMW,5 Series,03-05-2024,73775.69,2356.13,5014,Austin,Lease
SALE200148,VIN8973915,Tesla,Model S,12-03-2023,54033.09,1836.21,5026,Houston,Lease
SALE200149,VIN3770370,Volkswagen,Passat,09-17-2022,38341.25,2352.45,5021,Austin,Lease
SALE200150,VIN5446912,Honda,Civic,05-04-2023,30262.97,1464.22,5016,Houston,Lease
SALE200151,VIN9852897,Volkswagen,Jetta,07-17-2022,31539.04,1102.9,5021,Phoenix,Lease
SALE200152,VIN8099076,Toyota,RAV4,07-15-2022,33794.78,2173.21,5011,Austin,Lease
SALE200153,VIN4553384,Mercedes-Benz,GLE,02-01-2022,59863.86,2852.6,5006,San Antonio,Cash
SALE200154,VIN4374754,Hyundai,Elantra,05-02-2023,27465.21,824.7,5023,Dallas,Lease
SALE200155,VIN6229731,Audi,Q5,01-30-2024,84065.92,5743.49,5018,Los Angeles,Finance
SALE200156,VIN7693979,Tesla,Model Y,08-19-2023,58474.52,2227.45,5023,Columbus,Lease
SALE200157,VIN7264956,Mercedes-Benz,C-Class,10-26-2022,76986.56,4430.09,5029,Fort Worth,Lease
SALE200158,VIN8350099,Honda,CR-V,08-18-2022,43029.6,1517.93,5030,Fort Worth,Lease
SALE200159,VIN9683481,Hyundai,Tucson,11-03-2022,34267.62,1918.98,5020,Austin,Lease
SALE200160,VIN8574680,Tesla,Model X,12-13-2024,55696.51,2025.07,5026,Los Angeles,Lease
SALE200161,VIN3030113,Mercedes-Benz,E-Class,07-22-2023,63126.24,4248.97,5012,San Diego,Cash
SALE200162,VIN5159166,Toyota,Corolla,09-21-2023,27089.3,1109.6,5008,Charlotte,Finance
SALE200163,VIN4769795,Audi,A6,10-04-2022,42296.14,2376.35,5022,Chicago,Lease
SALE200164,VIN2074176,Nissan,Rogue,05-20-2024,31519.35,1261.26,5019,Austin,Lease
SALE200165,VIN6672134,Honda,CR-V,04-04-2023,43499.44,1951.98,5027,Chicago,Cash
SALE200166,VIN1352896,Audi,A6,10-25-2023,63957.15,4230.89,5006,San Jose,Finance
SALE200167,VIN4860684,Mercedes-Benz,GLC,11-11-2022,55878.9,2046.34,5013,Fort Worth,Finance
SALE200168,VIN4694634,Tesla,Model X,12-02-2022,42620.57,1954.31,5010,Los Angeles,Lease
SALE200169,VIN1120642,Nissan,Rogue,07-08-2024,33246.63,1403.69,5024,Houston,Lease
SALE200170,VIN2191066,Mazda,CX-5,12-10-2022,30736.31,1782.02,5023,Phoenix,Lease
SALE200171,VIN1987737,Ford,F-150,01-19-2023,45834.07,1804.29,5010,San Jose,Finance
SALE200172,VIN4841005,Audi,Q7,12-07-2023,59965.07,3371.2,5005,Fort Worth,Cash
SALE200173,VIN2130789,Ford,F-150,12-29-2024,41365.2,2405.3,5006,Phoenix,Lease
SALE200174,VIN1527021,Mazda,Mazda6,12-28-2023,37751.47,1134.18,5024,Jacksonville,Lease
SALE200175,VIN6543670,Hyundai,Sonata,05-04-2023,31433.17,1542.5,5001,Jacksonville,Cash
SALE200176,VIN2188789,Tesla,Model X,02-13-2022,76079.6,2686.22,5023,Austin,Cash
SALE200177,VIN9626108,BMW,X3,03-11-2024,83325.41,3253.66,5019,Phoenix,Lease
SALE200178,VIN4993055,Volkswagen,Jetta,12-23-2023,41042.36,2347.59,5013,San Antonio,Cash
SALE200179,VIN5672073,Hyundai,Santa Fe,08-05-2023,37264.89,1131.79,5028,Charlotte,Lease
SALE200180,VIN9143903,Nissan,Altima,12-26-2022,29205.84,1688.8,5025,San Antonio,Finance
SALE200181,VIN4594297,Nissan,Rogue,10-07-2023,44874.39,2812.92,5019,Columbus,Finance
SALE200182,VIN3219824,Audi,A4,08-15-2024,43463.29,3021.84,5002,Philadelphia,Cash
SALE200183,VIN8930103,Mazda,CX-9,05-22-2024,38567.21,1808.52,5006,San Diego,Cash
SALE200184,VIN5076817,Volkswagen,Tiguan,01-25-2023,37207.91,1312.96,5020,Phoenix,Finance
SALE200185,VIN8935169,BMW,X3,10-21-2024,80844.97,2654.39,5011,Houston,Finance
SALE200186,VIN7829332,Mercedes-Benz,GLE,08-03-2023,62106.84,2814.86,5030,San Diego,Cash
SALE200187,VIN4194548,Chevrolet,Equinox,09-11-2024,41045.24,2431.13,5026,Phoenix,Finance
SALE200188,VIN2582524,Honda,Civic,05-31-2023,23350.84,796.2,5020,Austin,Finance
SALE200189,VIN2626229,BMW,5 Series,04-25-2023,36691.19,1560.63,5008,Dallas,Cash
SALE200190,VIN8231838,Nissan,Pathfinder,06-18-2022,46167.43,3011.94,5021,Columbus,Lease
SALE200191,VIN6944126,Chevrolet,Silverado,08-31-2023,48629.7,1725.63,5019,San Jose,Cash
SALE200192,VIN8106470,Nissan,Rogue,08-29-2022,41705.39,2541.46,5004,San Antonio,Lease
SALE200193,VIN7897151,Volkswagen,Passat,09-12-2024,44108.47,2652.08,5030,San Jose,Lease
SALE200194,VIN8835373,Volkswagen,Jetta,02-03-2024,35309.81,1247.35,5016,New York,Finance
SALE200195,VIN1908841,Tesla,Model X,03-05-2024,77127.24,5377.13,5005,Los Angeles,Finance
SALE200196,VIN2651177,Audi,Q5,12-07-2024,46571.67,1663.27,5011,Dallas,Cash
SALE200197,VIN2016911,Mercedes-Benz,GLE,08-23-2023,70358.48,3603.78,5024,Austin,Cash
SALE200198,VIN7754864,Toyota,Camry,06-20-2022,22210.25,673.84,5003,Columbus,Finance
SALE200199,VIN6692553,Nissan,Sentra,08-26-2024,37643.32,2108.06,5008,Columbus,Finance
SALE200200,VIN2833230,Mercedes-Benz,C-Class,02-22-2023,53660.03,2554.43,5012,Philadelphia,Lease
SALE200201,VIN5171761,Ford,F-150,03-11-2023,40445.88,2382.15,5011,Dallas,Finance
SALE200202,VIN4214348,Nissan,Rogue,07-04-2023,41668.87,2296.92,5006,Austin,Cash
SALE200203,VIN4191175,Chevrolet,Traverse,11-28-2023,40412.98,1457.09,5021,San Jose,Finance
SALE200204,VIN9997381,Mercedes-Benz,C-Class,02-03-2024,59160.21,2749.08,5029,San Jose,Finance
SALE200205,VIN8526486,BMW,3 Series,12-17-2022,59392.72,3412.86,5003,Phoenix,Finance
SALE200206,VIN3351868,Mercedes-Benz,E-Class,10-01-2022,35330.62,2275.24,5027,Phoenix,Cash
SALE200207,VIN8077999,BMW,5 Series,11-04-2024,62582.18,2094.47,5023,Austin,Finance
SALE200208,VIN4078418,Volkswagen,Atlas,12-13-2024,25296.27,860.54,5022,New York,Lease
SALE200209,VIN5673212,Mazda,CX-9,06-22-2022,34176.61,2053.94,5021,San Diego,Lease
SALE200210,VIN8761611,BMW,X3,07-06-2022,48737.04,2611.47,5024,New York,Cash
SALE200211,VIN5191056,Hyundai,Santa Fe,10-22-2023,49436.98,2242.52,5029,Philadelphia,Cash
SALE200212,VIN2264748,Toyota,Corolla,09-18-2022,22394.28,1534.68,5011,Phoenix,Finance
SALE200213,VIN8434500,Hyundai,Santa Fe,06-05-2024,45328.93,1930.11,5015,Austin,Finance
SALE200214,VIN2642635,Chevrolet,Silverado,03-20-2022,41850.82,1489.6,5001,Philadelphia,Cash
SALE200215,VIN1848731,Honda,Pilot,11-05-2024,40541.86,1665.41,5009,Columbus,Lease
SALE200216,VIN1247595,Chevrolet,Traverse,06-20-2023,47744.33,1593.23,5007,Phoenix,Lease
SALE200217,VIN2564689,Mazda,CX-5,10-08-2024,24461.38,1275.32,5008,Phoenix,Cash
SALE200218,VIN4965789,Audi,A4,11-20-2022,39815.69,2150.06,5023,Austin,Cash
SALE200219,VIN3790237,Nissan,Rogue,12-13-2022,28722.44,1559.74,5003,Jacksonville,Lease
SALE200220,VIN7818496,Hyundai,Sonata,01-21-2022,29798.3,1822.43,5012,Charlotte,Lease
SALE200221,VIN9147706,Chevrolet,Traverse,04-02-2024,38161.4,2198.82,5009,Austin,Lease
SALE200222,VIN9075854,Mazda,CX-9,10-14-2024,40749.93,2604.56,5026,Phoenix,Finance
SALE200223,VIN4586084,Nissan,Sentra,05-01-2023,31683.12,1784.91,5004,Houston,Lease
SALE200224,VIN7728339,Tesla,Model S,05-10-2023,54844.82,2307.1,5024,Chicago,Lease
SALE200225,VIN1983738,Mazda,Mazda3,02-26-2023,30580.19,1550.72,5001,Dallas,Cash
SALE200226,VIN3762152,Nissan,Rogue,05-03-2023,35150.69,1770.92,5002,Fort Worth,Lease
SALE200227,VIN7358113,Nissan,Rogue,11-02-2022,39125.05,2344.13,5013,Houston,Lease
SALE200228,VIN1036161,Toyota,Camry,11-06-2022,44775.36,1872.58,5015,Charlotte,Finance
SALE200229,VIN7550190,Honda,Pilot,06-26-2023,27194.72,875.2,5024,Los Angeles,Finance
SALE200230,VIN5449368,BMW,X3,09-02-2024,69202.08,4561.56,5014,Fort Worth,Finance
SALE200231,VIN8633773,Chevrolet,Malibu,09-17-2024,46196.68,3150.01,5006,Columbus,Cash
SALE200232,VIN5785687,Audi,A4,01-27-2022,67686.79,3370.5,5029,Fort Worth,Cash
SALE200233,VIN8096887,Mazda,CX-9,11-26-2024,41739.04,1440.4,5014,Fort Worth,Finance
SALE200234,VIN9164991,Chevrolet,Silverado,04-09-2022,43989.65,2198.75,5016,San Jose,Finance
SALE200235,VIN3597059,BMW,5 Series,08-13-2022,39675.03,2132.82,5029,San Antonio,Lease
SALE200236,VIN4185957,Tesla,Model 3,04-19-2024,53963.2,2759.22,5013,Austin,Lease
SALE200237,VIN5977931,Volkswagen,Jetta,02-09-2024,38817.54,2682.6,5012,Philadelphia,Lease
SALE200238,VIN4652414,Mercedes-Benz,GLC,09-17-2022,37805.75,2626.57,5018,Austin,Finance
SALE200239,VIN1981186,Nissan,Sentra,04-24-2024,25236.25,1699.84,5013,Chicago,Lease
SALE200240,VIN2022698,Hyundai,Sonata,07-29-2022,29284.59,1033.14,5004,Jacksonville,Lease
SALE200241,VIN6261415,Hyundai,Sonata,07-22-2024,37496.46,2415.99,5027,Los Angeles,Finance
SALE200242,VIN1959074,Mercedes-Benz,C-Class,06-28-2023,56695.48,2989.85,5016,Austin,Lease
SALE200243,VIN1841248,Audi,A6,03-01-2024,74218.82,3311.38,5026,San Diego,Finance
SALE200244,VIN8999183,Mazda,Mazda6,01-09-2023,35014.7,2006.96,5028,Phoenix,Cash
SALE200245,VIN9436429,Hyundai,Sonata,03-22-2024,46449.01,2810.58,5019,Phoenix,Cash
SALE200246,VIN9910817,Mercedes-Benz,GLC,03-19-2024,39768.09,2711.31,5021,Charlotte,Lease
SALE200247,VIN3641282,Mercedes-Benz,E-Class,05-12-2023,61407.96,3734.51,5025,San Antonio,Cash
SALE200248,VIN1954280,Mazda,Mazda3,04-08-2023,22978.69,704.7,5022,San Antonio,Cash
SALE200249,VIN9519948,Nissan,Rogue,11-28-2024,30285.43,990.37,5008,San Antonio,Finance
SALE200250,VIN2344047,BMW,5 Series,09-28-2023,78405.84,3174.45,5006,Jacksonville,Finance
SALE200251,VIN4117625,BMW,5 Series,01-20-2023,79377.72,2507.79,5015,Los Angeles,Lease
SALE200252,VIN2149597,BMW,X3,05-09-2023,58775.01,1905.41,5003,San Jose,Finance
SALE200253,VIN2140194,Chevrolet,Malibu,09-15-2023,26164.05,1610.96,5026,Jacksonville,Lease
SALE200254,VIN4946066,Honda,Civic,09-04-2023,23710.01,1191.77,5028,San Jose,Lease
SALE200255,VIN7774229,Mazda,Mazda3,08-16-2022,43288.45,2387.05,5002,Columbus,Finance
SALE200256,VIN3011363,Chevrolet,Malibu,06-26-2024,47482.79,2376.13,5010,Houston,Lease
SALE200257,VIN5130808,Mercedes-Benz,C-Class,10-20-2023,63175.49,2945.07,5001,Philadelphia,Cash
SALE200258,VIN1666754,Honda,CR-V,11-23-2024,22756.74,1321.54,5011,Jacksonville,Cash
SALE200259,VIN2375453,Mazda,Mazda6,12-05-2022,43361.63,1443.82,5009,Jacksonville,Cash
SALE200260,VIN8033426,Hyundai,Tucson,09-22-2024,32862.12,1691.17,5004,Houston,Finance
SALE200261,VIN9770838,Mazda,Mazda3,12-17-2023,44113.79,2410.46,5003,Austin,Cash
SALE200262,VIN6307805,Ford,Mustang,07-16-2022,39675.9,1630.63,5011,Dallas,Lease
SALE200263,VIN5374922,Chevrolet,Equinox,08-16-2024,43806.36,1857.23,5006,Austin,Lease
SALE200264,VIN4426900,Chevrolet,Silverado,05-13-2024,42817.78,2160.25,5029,Fort Worth,Lease
SALE200265,VIN6271130,Mazda,Mazda6,02-03-2022,31160.81,1188.1,5013,San Diego,Finance
SALE200266,VIN5004485,Nissan,Pathfinder,02-12-2023,26923.44,1677.93,5006,Charlotte,Cash
SALE200267,VIN5456272,BMW,3 Series,02-11-2023,43122.51,2218.89,5024,Austin,Finance
SALE200268,VIN7640184,Mazda,Mazda3,11-27-2022,27530.86,1256.21,5003,Philadelphia,Lease
SALE200269,VIN3195773,Volkswagen,Atlas,06-30-2023,45866.26,2539.7,5018,Dallas,Cash
SALE200270,VIN6033115,Hyundai,Santa Fe,07-07-2024,34728.92,2201.16,5029,Phoenix,Cash
SALE200271,VIN8670955,Volkswagen,Tiguan,02-13-2023,47413.14,2714.03,5003,Columbus,Cash
SALE200272,VIN6304573,BMW,3 Series,12-26-2024,51586.49,1684.02,5011,Chicago,Finance
SALE200273,VIN2217071,Honda,Pilot,01-11-2023,39379.01,2281.9,5020,Columbus,Cash
SALE200274,VIN1156287,Chevrolet,Malibu,08-15-2024,28498.76,1687.08,5020,Austin,Finance
SALE200275,VIN8688755,BMW,3 Series,08-03-2022,84423.9,5391.2,5029,Charlotte,Cash
SALE200276,VIN2677407,Chevrolet,Equinox,06-11-2023,43104.09,1392.96,5016,Dallas,Lease
SALE200277,VIN2229110,Mercedes-Benz,GLE,10-14-2022,60039.64,2008.24,5023,Chicago,Finance
SALE200278,VIN4576135,Ford,F-150,11-07-2024,49358.08,2338.55,5001,Phoenix,Cash
SALE200279,VIN9487336,BMW,3 Series,06-29-2024,37684.82,1813.95,5014,New York,Finance
SALE200280,VIN5449324,Toyota,Highlander,03-14-2022,32053.03,1742.19,5021,San Diego,Cash
SALE200281,VIN3222252,Mazda,CX-9,03-26-2024,41289.52,1749.5,5006,Chicago,Lease
SALE200282,VIN6855396,Hyundai,Santa Fe,12-06-2022,33514.82,1999.75,5020,Jacksonville,Lease
SALE200283,VIN2154126,Ford,F-150,01-09-2023,44225.14,2636.98,5029,Phoenix,Lease
SALE200284,VIN5098412,BMW,X5,01-14-2024,82742.92,2877.61,5014,Jacksonville,Cash
SALE200285,VIN7199635,Toyota,Highlander,11-11-2023,31124.17,1815.04,5006,Fort Worth,Finance
SALE200286,VIN5781295,Toyota,Camry,03-24-2023,39791.76,2310.31,5002,Dallas,Finance
SALE200287,VIN3646552,Hyundai,Elantra,12-06-2022,25740.64,940.91,5004,Fort Worth,Lease
SALE200288,VIN8351517,BMW,X3,10-20-2022,48666.35,3315.18,5011,Charlotte,Lease
SALE200289,VIN6075395,Mazda,Mazda6,08-11-2024,44829.48,2282.73,5007,Chicago,Lease
SALE200290,VIN9874152,Ford,F-150,11-30-2022,37265.09,2285.08,5007,Austin,Cash
SALE200291,VIN1131249,Tesla,Model Y,09-17-2023,52790.56,3105.7,5014,Charlotte,Finance
SALE200292,VIN6022741,Nissan,Rogue,05-14-2024,48528.57,1779.96,5023,Philadelphia,Cash
SALE200293,VIN2737893,Honda,CR-V,07-19-2023,31932.5,1120.1,5018,Austin,Lease
SALE200294,VIN3253031,Toyota,Highlander,04-03-2022,37632.98,2304.83,5024,New York,Lease
SALE200295,VIN5437001,Volkswagen,Tiguan,01-17-2024,41516.8,1691.83,5030,Houston,Cash
SALE200296,VIN2936571,BMW,X5,07-23-2024,39284.71,2571.44,5024,Philadelphia,Lease
SALE200297,VIN2795765,Nissan,Pathfinder,08-26-2023,40465.4,2462.61,5018,Houston,Finance
SALE200298,VIN3607983,Nissan,Altima,09-20-2023,44951.38,1401.33,5009,Jacksonville,Lease
SALE200299,VIN5569244,Nissan,Altima,01-15-2023,42827.71,2667.49,5022,Columbus,Finance
SALE200300,VIN5727085,Mercedes-Benz,E-Class,06-16-2024,39101.9,1598.46,5010,Phoenix,Lease
SALE200301,VIN4533779,Ford,Escape,11-22-2024,28855.52,939.39,5010,San Antonio,Cash
SALE200302,VIN6752576,Toyota,Highlander,12-14-2024,38368.57,2244.29,5008,Fort Worth,Lease
SALE200303,VIN4415796,BMW,5 Series,12-14-2022,66695.04,3539.24,5004,Charlotte,Lease
SALE200304,VIN5428914,Nissan,Pathfinder,04-10-2022,43491.38,1438.82,5002,Philadelphia,Cash
SALE200305,VIN9479356,Honda,CR-V,06-23-2023,29283.6,1411.7,5013,Philadelphia,Lease
SALE200306,VIN9196204,Honda,Pilot,09-19-2024,24450.67,1085.73,5019,Phoenix,Cash
SALE200307,VIN5213115,Audi,Q7,02-10-2024,35259.76,1762.44,5018,San Jose,Cash
SALE200308,VIN1852264,Nissan,Pathfinder,03-12-2023,32706.69,1722.84,5027,Phoenix,Finance
SALE200309,VIN2548511,Honda,Civic,08-16-2024,30278.1,1353.66,5016,San Diego,Lease
SALE200310,VIN8106422,Volkswagen,Tiguan,08-14-2022,31744.16,1276.26,5005,Columbus,Lease
SALE200311,VIN5641923,Tesla,Model X,03-31-2023,41625.35,1420.1,5002,New York,Lease
SALE200312,VIN1739653,Tesla,Model S,07-11-2023,44369.59,2349.66,5012,San Diego,Finance
SALE200313,VIN1059486,Toyota,RAV4,07-05-2022,32323.4,1904.21,5001,Los Angeles,Lease
SALE200314,VIN6596150,Ford,Explorer,08-12-2024,38868.5,1521.16,5014,Columbus,Finance
SALE200315,VIN3194789,Ford,Mustang,02-02-2023,35201.1,1772.48,5003,Austin,Finance
SALE200316,VIN5394880,Volkswagen,Atlas,03-19-2022,25656.55,814.89,5010,San Jose,Lease
SALE200317,VIN3710895,BMW,3 Series,08-18-2023,52695.71,3399.78,5027,San Jose,Lease
SALE200318,VIN8412769,Honda,Civic,03-03-2024,24140.48,960.36,5022,San Jose,Cash
SALE200319,VIN8175395,Chevrolet,Silverado,11-22-2024,39951.09,1952.43,5021,New York,Finance
SALE200320,VIN1162230,Honda,Civic,11-12-2023,29461.9,1335.19,5020,San Diego,Finance
SALE200321,VIN2876932,Hyundai,Santa Fe,07-17-2023,34630.95,1246.83,5016,Charlotte,Finance
SALE200322,VIN2262382,Audi,A4,05-26-2024,49592.37,3334.91,5007,Houston,Finance
SALE200323,VIN3500715,Volkswagen,Tiguan,02-11-2022,34694.99,2230.87,5004,Dallas,Finance
SALE200324,VIN1604451,Volkswagen,Passat,06-04-2023,27117.49,1413.22,5001,New York,Cash
SALE200325,VIN7194416,Volkswagen,Jetta,06-21-2022,47528.4,3163.39,5007,Columbus,Cash
SALE200326,VIN3484601,Chevrolet,Equinox,01-30-2022,47630.19,2840.03,5006,Austin,Finance
SALE200327,VIN8210624,Hyundai,Elantra,02-23-2023,49454.33,2313.22,5021,San Antonio,Lease
SALE200328,VIN3138181,Audi,Q7,10-20-2022,63598.02,2726.58,5010,Dallas,Lease
SALE200329,VIN1701771,Nissan,Rogue,08-08-2023,29239.57,1364.03,5003,Phoenix,Lease
SALE200330,VIN6171716,Nissan,Pathfinder,05-10-2023,34518.3,2030.07,5016,San Antonio,Lease
SALE200331,VIN7117837,BMW,3 Series,02-04-2023,41942.0,1713.34,5028,Los Angeles,Finance
SALE200332,VIN1669324,Volkswagen,Tiguan,07-08-2022,32528.28,1077.19,5004,Columbus,Lease
SALE200333,VIN7003042,Audi,Q5,12-09-2024,59656.2,2679.3,5010,Columbus,Lease
SALE200334,VIN4524499,BMW,X3,09-01-2022,38163.36,1911.28,5026,Chicago,Finance
SALE200335,VIN5186414,Volkswagen,Jetta,01-14-2023,35866.91,2370.0,5013,Chicago,Lease
SALE200336,VIN2724590,Volkswagen,Passat,01-22-2023,35527.56,1320.69,5016,Houston,Lease
SALE200337,VIN6933742,Toyota,Corolla,06-01-2022,33137.32,2060.26,5016,Philadelphia,Lease
SALE200338,VIN7817881,Volkswagen,Atlas,08-18-2024,26923.03,1864.6,5029,San Antonio,Lease
SALE200339,VIN3592974,Mazda,Mazda6,11-20-2023,27789.09,1894.19,5022,San Jose,Cash
SALE200340,VIN4971793,Honda,Civic,10-11-2023,27671.57,906.44,5009,Charlotte,Cash
SALE200341,VIN3726327,Chevrolet,Equinox,12-23-2023,40625.84,1974.57,5003,Charlotte,Cash
SALE200342,VIN3970445,Tesla,Model S,05-25-2022,64690.32,2671.21,5021,San Diego,Lease
SALE200343,VIN7917152,Chevrolet,Silverado,11-01-2022,29888.71,1906.72,5018,Chicago,Lease
SALE200344,VIN1415846,BMW,X3,07-17-2024,40348.62,1738.7,5013,Philadelphia,Finance
SALE200345,VIN4009172,Tesla,Model Y,03-12-2022,50232.9,2618.32,5006,Columbus,Lease
SALE200346,VIN6573147,Honda,Pilot,12-19-2024,43822.94,1328.66,5012,Jacksonville,Finance
SALE200347,VIN7907400,Ford,F-150,05-30-2023,33305.43,1266.5,5029,Chicago,Lease
SALE200348,VIN5163555,Chevrolet,Equinox,01-18-2024,40504.8,2128.62,5013,Fort Worth,Cash
SALE200349,VIN5476257,Ford,F-150,10-06-2023,45101.91,1901.33,5012,New York,Lease
SALE200350,VIN3670896,Hyundai,Sonata,11-10-2024,33238.54,1825.09,5006,San Diego,Lease
SALE200351,VIN2813543,Honda,CR-V,07-05-2022,29698.93,1442.09,5015,Philadelphia,Cash
SALE200352,VIN7417985,Ford,Explorer,10-17-2024,45386.89,2435.81,5002,Austin,Lease
SALE200353,VIN1649691,Toyota,RAV4,12-21-2024,41768.69,2077.34,5009,Chicago,Lease
SALE200354,VIN8896868,Audi,Q5,03-05-2023,83711.27,5098.4,5015,Philadelphia,Lease
SALE200355,VIN4731818,Nissan,Altima,02-13-2022,28403.11,1074.12,5015,Austin,Lease
SALE200356,VIN4348276,Mazda,Mazda6,03-26-2022,29375.3,1939.29,5009,Los Angeles,Finance
SALE200357,VIN8722606,Volkswagen,Passat,11-08-2023,48681.97,2941.33,5008,Los Angeles,Lease
SALE200358,VIN6866294,Nissan,Pathfinder,03-05-2023,30021.29,1195.0,5027,San Diego,Cash
SALE200359,VIN6120253,BMW,3 Series,03-16-2023,50709.16,1534.21,5009,Phoenix,Finance
SALE200360,VIN4818418,Toyota,Corolla,04-05-2024,44185.22,2050.26,5019,Houston,Lease
SALE200361,VIN4740036,Chevrolet,Silverado,09-14-2022,49218.13,1935.25,5002,Fort Worth,Finance
SALE200362,VIN1397023,BMW,3 Series,06-23-2022,49572.41,2174.09,5005,Fort Worth,Lease
SALE200363,VIN4240180,Mazda,Mazda6,06-29-2022,37984.03,2415.14,5025,Chicago,Lease
SALE200364,VIN7685149,BMW,X5,11-16-2022,59550.37,3876.01,5023,San Jose,Lease
SALE200365,VIN6507321,Mazda,CX-9,09-13-2023,35245.22,2398.07,5022,Fort Worth,Lease
SALE200366,VIN5674183,Nissan,Pathfinder,05-26-2022,31060.61,933.63,5004,Chicago,Finance
SALE200367,VIN2164686,Honda,CR-V,05-26-2022,30649.27,1725.31,5003,San Diego,Lease
SALE200368,VIN5682940,Tesla,Model Y,03-15-2023,75824.73,4849.77,5022,Fort Worth,Lease
SALE200369,VIN6891254,Chevrolet,Equinox,03-25-2022,34823.38,2057.66,5012,Fort Worth,Lease
SALE200370,VIN9546409,BMW,X3,07-04-2024,40694.39,1390.04,5026,Fort Worth,Finance
SALE200371,VIN7705490,Tesla,Model S,11-28-2022,63192.53,3234.99,5018,New York,Finance
SALE200372,VIN9996207,Volkswagen,Jetta,09-03-2023,39805.68,1573.39,5014,Chicago,Cash
SALE200373,VIN6555772,Tesla,Model 3,11-22-2023,62281.45,3094.21,5025,San Jose,Lease
SALE200374,VIN1463060,Chevrolet,Malibu,07-11-2023,42042.82,1362.01,5019,San Antonio,Cash
SALE200375,VIN2935113,Audi,A6,07-28-2024,62504.96,4367.74,5008,Austin,Cash
SALE200376,VIN5382463,Honda,Civic,08-29-2023,43919.11,2567.78,5018,San Antonio,Finance
SALE200377,VIN3995870,Hyundai,Elantra,09-21-2024,36540.56,1232.19,5002,San Antonio,Cash
SALE200378,VIN5453786,Chevrolet,Equinox,04-30-2024,42709.18,2855.15,5027,San Antonio,Cash
SALE200379,VIN1641849,Tesla,Model X,10-11-2023,56922.75,3750.73,5013,San Diego,Lease
SALE200380,VIN2818692,Ford,Escape,01-16-2024,32283.28,1639.68,5027,San Antonio,Cash
SALE200381,VIN8290770,BMW,X5,11-25-2023,69641.76,4041.58,5017,Los Angeles,Cash
SALE200382,VIN6799667,Ford,Escape,06-08-2022,45474.14,2041.77,5014,Los Angeles,Finance
SALE200383,VIN6262632,Honda,Pilot,07-02-2023,40300.11,2779.99,5018,Dallas,Cash
SALE200384,VIN8321474,Toyota,RAV4,03-17-2023,31410.26,1048.98,5022,Houston,Finance
SALE200385,VIN9580255,Ford,Mustang,09-06-2022,37482.58,1267.78,5028,Jacksonville,Lease
SALE200386,VIN2940214,BMW,3 Series,05-04-2023,66666.8,2356.04,5030,Philadelphia,Finance
SALE200387,VIN7462506,Volkswagen,Tiguan,05-07-2024,31050.53,1949.93,5016,Los Angeles,Cash
SALE200388,VIN4188992,Mazda,CX-9,03-18-2023,37149.25,1225.67,5019,Charlotte,Cash
SALE200389,VIN5273534,Volkswagen,Jetta,11-24-2023,42880.91,2260.37,5029,Philadelphia,Lease
SALE200390,VIN1744682,BMW,X3,12-29-2022,74453.84,3529.06,5008,Fort Worth,Finance
SALE200391,VIN8315831,Nissan,Pathfinder,06-25-2022,26849.13,1841.01,5016,Columbus,Cash
SALE200392,VIN1028374,Honda,CR-V,01-22-2024,44786.11,1767.75,5010,Dallas,Lease
SALE200393,VIN9722815,Nissan,Altima,12-29-2022,36980.87,1495.49,5003,Houston,Cash
SALE200394,VIN4305700,Mazda,Mazda6,10-02-2023,31218.52,1329.92,5013,Los Angeles,Finance
SALE200395,VIN7110622,BMW,X5,09-28-2022,60330.63,3742.47,5029,Austin,Finance
SALE200396,VIN8235969,Mazda,Mazda3,01-03-2023,43169.02,2505.06,5028,Los Angeles,Cash
SALE200397,VIN2173965,Audi,A4,06-28-2024,69585.44,4134.36,5023,Austin,Lease
SALE200398,VIN6539837,BMW,5 Series,12-21-2022,62182.26,2656.57,5002,Jacksonville,Lease
SALE200399,VIN6266630,Hyundai,Tucson,04-06-2023,44768.02,1830.04,5017,Houston,Lease
SALE200400,VIN3090865,Hyundai,Sonata,03-24-2022,33988.24,1121.19,5019,Houston,Lease
SALE200401,VIN6038571,Nissan,Sentra,04-12-2024,47387.54,1805.87,5029,Jacksonville,Cash
SALE200402,VIN9508103,Nissan,Rogue,08-25-2022,38422.65,2351.37,5017,Charlotte,Lease
SALE200403,VIN6188935,Honda,CR-V,06-30-2023,36678.15,1958.18,5026,Philadelphia,Lease
SALE200404,VIN7851696,Volkswagen,Tiguan,06-22-2024,27124.55,982.35,5019,Phoenix,Lease
SALE200405,VIN6472441,Toyota,Camry,09-27-2023,39685.94,1451.51,5022,Chicago,Finance
SALE200406,VIN7751158,Audi,A4,10-25-2022,67880.08,3301.84,5020,New York,Cash
SALE200407,VIN5960271,Mazda,CX-9,06-11-2024,30165.2,1395.46,5005,San Antonio,Lease
SALE200408,VIN3135534,Mercedes-Benz,GLE,07-07-2024,67349.99,3464.28,5004,Dallas,Lease
SALE200409,VIN4218542,Volkswagen,Passat,10-08-2023,26107.42,1790.59,5025,San Jose,Finance
SALE200410,VIN8053918,BMW,5 Series,08-23-2023,84180.41,3224.57,5015,Phoenix,Lease
SALE200411,VIN7361002,Toyota,Highlander,09-28-2024,37581.85,1590.93,5006,Chicago,Lease
SALE200412,VIN3919694,Honda,Accord,03-12-2022,31191.21,1266.37,5006,New York,Cash
SALE200413,VIN6049101,Chevrolet,Equinox,11-04-2024,43817.07,1524.68,5007,Columbus,Finance
SALE200414,VIN7812810,Tesla,Model 3,11-09-2022,83285.84,3023.66,5026,Los Angeles,Finance
SALE200415,VIN1006810,Volkswagen,Atlas,04-14-2023,35761.39,2054.21,5007,Phoenix,Finance
SALE200416,VIN6098175,Volkswagen,Jetta,07-22-2024,25263.69,1593.01,5005,Phoenix,Lease
SALE200417,VIN5813613,Toyota,Highlander,05-28-2024,27950.98,1617.67,5002,San Diego,Finance
SALE200418,VIN4526280,Tesla,Model 3,11-06-2022,60533.81,1913.67,5014,Jacksonville,Lease
SALE200419,VIN8212326,BMW,X5,09-25-2022,60939.89,3865.84,5003,Dallas,Cash
SALE200420,VIN6406444,Volkswagen,Jetta,08-25-2022,39512.96,1703.47,5022,San Jose,Cash
SALE200421,VIN8801207,Toyota,RAV4,04-07-2022,35230.41,1185.45,5014,Dallas,Lease
SALE200422,VIN8411939,Ford,Escape,11-20-2023,36144.46,1443.2,5007,Philadelphia,Finance
SALE200423,VIN8418210,Nissan,Pathfinder,08-19-2023,34778.35,1538.24,5027,San Antonio,Cash
SALE200424,VIN4585314,Hyundai,Santa Fe,05-27-2023,44308.56,2239.28,5021,Charlotte,Lease
SALE200425,VIN9576076,Tesla,Model S,03-14-2024,64429.5,3678.11,5005,Austin,Finance
SALE200426,VIN8938746,Nissan,Altima,08-13-2024,37511.64,1515.72,5027,Chicago,Cash
SALE200427,VIN3846949,BMW,X5,06-13-2024,52248.37,3637.9,5020,Philadelphia,Lease
SALE200428,VIN2422633,Ford,F-150,03-07-2022,25614.07,800.27,5009,Charlotte,Lease
SALE200429,VIN5761145,Volkswagen,Tiguan,11-09-2024,27613.73,1275.08,5011,San Diego,Lease
SALE200430,VIN9647849,Audi,A6,04-13-2023,55798.77,2683.25,5030,Philadelphia,Lease
SALE200431,VIN6623525,Tesla,Model X,10-06-2023,83086.39,4978.8,5024,Fort Worth,Finance
SALE200432,VIN2566777,Nissan,Rogue,06-18-2022,27901.73,1115.9,5030,Houston,Lease
SALE200433,VIN4940441,Honda,Civic,05-16-2024,43635.55,2115.53,5026,Chicago,Lease
SALE200434,VIN6207974,Nissan,Pathfinder,09-26-2024,28541.88,1774.05,5003,Charlotte,Lease
SALE200435,VIN4768844,Mercedes-Benz,C-Class,07-18-2022,50594.52,1800.75,5003,Charlotte,Lease
SALE200436,VIN4340845,Audi,A6,11-18-2023,57766.63,1760.63,5013,Fort Worth,Cash
SALE200437,VIN3472189,Mercedes-Benz,GLE,05-20-2023,45343.37,2866.38,5018,San Antonio,Lease
SALE200438,VIN1409790,Mercedes-Benz,GLE,03-07-2024,59146.3,4099.0,5013,Los Angeles,Cash
SALE200439,VIN1775337,Tesla,Model 3,07-16-2024,58808.13,2071.73,5018,Houston,Finance
SALE200440,VIN5107776,Honda,Pilot,12-03-2022,32077.82,2019.2,5011,Houston,Finance
SALE200441,VIN8971465,Ford,Explorer,05-03-2022,42419.08,1904.18,5028,Jacksonville,Cash
SALE200442,VIN2221854,Mercedes-Benz,GLC,11-24-2024,50945.47,2812.8,5009,Chicago,Lease
SALE200443,VIN8640615,Audi,A6,09-11-2024,50013.2,2790.11,5017,Houston,Cash
SALE200444,VIN7953166,Mazda,CX-5,06-08-2022,40634.28,2165.52,5015,Jacksonville,Cash
SALE200445,VIN4262081,Nissan,Sentra,08-13-2022,27877.13,1124.92,5030,Los Angeles,Cash
SALE200446,VIN7442089,BMW,3 Series,09-26-2022,77459.0,4841.95,5028,San Jose,Lease
SALE200447,VIN9294272,Tesla,Model 3,06-02-2024,67398.5,2080.73,5001,Dallas,Lease
SALE200448,VIN7705062,Audi,A6,12-14-2022,68856.97,2243.28,5026,Chicago,Cash
SALE200449,VIN5093379,Hyundai,Tucson,02-14-2024,29108.85,1924.09,5023,New York,Finance
SALE200450,VIN3475836,Toyota,RAV4,04-24-2023,44629.71,2130.5,5020,Philadelphia,Cash
SALE200451,VIN1093026,Nissan,Sentra,01-20-2022,31097.82,1093.14,5019,Jacksonville,Finance
SALE200452,VIN2788238,Honda,Accord,07-05-2024,26012.42,1722.1,5017,Austin,Finance
SALE200453,VIN8132769,Mercedes-Benz,C-Class,12-31-2023,43006.79,2716.92,5026,Fort Worth,Lease
SALE200454,VIN4671545,BMW,5 Series,06-08-2022,62992.45,2725.18,5014,Los Angeles,Finance
SALE200455,VIN3950888,Mercedes-Benz,GLC,07-12-2022,82923.13,2629.31,5004,San Antonio,Cash
SALE200456,VIN9689889,Honda,Accord,04-13-2022,27332.68,1323.99,5014,Charlotte,Cash
SALE200457,VIN8793853,Audi,A6,03-08-2022,55252.37,2028.84,5005,Austin,Lease
SALE200458,VIN1842524,Hyundai,Sonata,07-11-2023,29611.29,1568.08,5005,Phoenix,Finance
SALE200459,VIN5180853,Toyota,Camry,05-10-2022,36731.01,2309.18,5019,Fort Worth,Cash
SALE200460,VIN3036059,Tesla,Model Y,06-12-2024,56606.72,2592.58,5019,Dallas,Finance
SALE200461,VIN8658158,Hyundai,Santa Fe,08-19-2022,25729.81,802.24,5019,San Jose,Finance
SALE200462,VIN3237058,Nissan,Pathfinder,04-12-2024,40352.67,2313.36,5025,Los Angeles,Lease
SALE200463,VIN8795419,Audi,Q7,09-17-2023,44866.22,1656.11,5004,San Jose,Cash
SALE200464,VIN9910914,Toyota,RAV4,03-04-2023,35620.67,1374.55,5030,Los Angeles,Cash
SALE200465,VIN6323376,Chevrolet,Equinox,03-18-2022,34720.89,1301.55,5004,Austin,Cash
SALE200466,VIN8425149,Hyundai,Sonata,07-06-2024,42618.39,1755.63,5019,New York,Finance
SALE200467,VIN9468772,Mercedes-Benz,GLE,11-27-2022,45289.22,2959.06,5025,Austin,Lease
SALE200468,VIN8159521,Volkswagen,Jetta,06-08-2023,43808.14,1374.96,5004,Columbus,Cash
SALE200469,VIN8481188,Nissan,Pathfinder,09-22-2024,45218.24,2476.47,5026,Los Angeles,Lease
SALE200470,VIN3670226,Tesla,Model X,11-26-2023,38128.19,1518.7,5010,Los Angeles,Lease
SALE200471,VIN8963715,Nissan,Rogue,02-28-2024,27543.8,1151.45,5028,Jacksonville,Lease
SALE200472,VIN8550917,Toyota,RAV4,12-15-2024,42055.52,1954.73,5018,New York,Finance
SALE200473,VIN5348512,Chevrolet,Silverado,07-03-2024,29674.0,1543.87,5029,San Antonio,Finance
SALE200474,VIN5147994,BMW,X3,11-05-2022,51299.25,1664.1,5012,San Diego,Lease
SALE200475,VIN5652512,Hyundai,Elantra,02-16-2023,36438.76,1500.95,5029,San Antonio,Lease
